<?xml version="1.0" encoding="UTF-8"?>
<widget>
	<zonetype>VERTICAL</zonetype>
	<description>Generates a tag cloud from categories and links.</description>
	<works_with>4.0</works_with>
	<setting>
		<name>TITLE</name>
		<identifier>TITLE</identifier>
		<value>Tag Cloud</value>
		<allowed></allowed>
		<info>This title shows at top of the widget's generated content.</info>
	</setting>
	<setting>
		<name>TAGS</name>
		<identifier>TAGS</identifier>
		<info>Pick widgets to be shown in the widget</info>
	</setting>
	<author>PhpLD</author>
	<author_url>www.phplinkdirectory.com</author_url>
	<version>1.0</version>
</widget>